{
    "loss": 4.2410888671875,
    "accuracy": 0.5035971403121948
}