{
    "loss": 3.9719111919403076,
    "accuracy": 0.7168101668357849
}